filename,width,height,class,xmin,ymin,xmax,ymax
Drone_1.jpg,1920,1080,Drone,905,581,1114,703
Drone_10.jpg,1920,1080,Drone,901,682,1118,791
Drone_100.jpg,1920,1080,Drone,873,441,1015,510
Drone_101.jpg,1920,1080,Drone,794,366,946,425
Drone_102.jpg,1920,1080,Drone,479,437,620,497
Drone_103.jpg,1920,1080,Drone,177,334,344,428
Drone_104.jpg,1920,1080,Drone,293,373,426,458
Drone_106.jpg,1920,1080,Drone,393,411,549,486
Drone_107.jpg,1920,1080,Drone,434,338,621,437
Drone_108.jpg,1920,1080,Drone,436,335,637,436
Drone_109.jpg,1920,1080,Drone,408,300,618,410
Drone_11.jpg,1920,1080,Drone,811,636,1056,751
Drone_110.jpg,1920,1080,Drone,472,346,682,449
Drone_111.jpg,1920,1080,Drone,559,391,739,482
Drone_113.jpg,1920,1080,Drone,295,262,551,369
Drone_114.jpg,1920,1080,Drone,351,407,587,488
Drone_115.jpg,1920,1080,Drone,359,352,621,498
Drone_117.jpg,1920,1080,Drone,1223,204,1416,341
Drone_118.jpg,1920,1080,Drone,1193,327,1409,441
Drone_119.jpg,1920,1080,Drone,1403,250,1700,373
Drone_12.jpg,1920,1080,Drone,832,618,1080,735
Drone_121.jpg,1920,1080,Drone,1283,272,1541,369
Drone_122.jpg,1920,1080,Drone,1261,373,1495,473
Drone_123.jpg,1920,1080,Drone,1140,445,1347,527
Drone_125.jpg,1920,1080,Drone,1428,407,1671,504
Drone_126.jpg,1920,1080,Drone,1314,371,1478,450
Drone_128.jpg,1920,1080,Drone,1062,806,1215,895
Drone_13.jpg,1920,1080,Drone,835,609,1082,740
Drone_130.jpg,1920,1080,Drone,1014,829,1164,918
Drone_132.jpg,1920,1080,Drone,1057,733,1236,835
Drone_133.jpg,1920,1080,Drone,983,746,1149,836
Drone_134.jpg,1920,1080,Drone,942,749,1105,835
Drone_135.jpg,1920,1080,Drone,964,760,1114,827
Drone_137.jpg,1920,1080,Drone,986,718,1152,797
Drone_139.jpg,1920,1080,Drone,1103,164,1351,323
Drone_14.jpg,1920,1080,Drone,946,618,1126,744
Drone_140.jpg,1920,1080,Drone,632,72,850,245
Drone_141.jpg,1920,1080,Drone,265,184,534,355
Drone_143.jpg,1920,1080,Drone,690,220,936,395
Drone_144.jpg,1920,1080,Drone,692,312,898,444
Drone_145.jpg,1920,1080,Drone,906,313,1132,433
Drone_146.jpg,1920,1080,Drone,1116,299,1344,423
Drone_147.jpg,1920,1080,Drone,1220,179,1430,291
Drone_15.jpg,1920,1080,Drone,799,612,1033,717
Drone_150.jpg,1920,1080,Drone,1299,270,1459,367
Drone_151.jpg,1920,1080,Drone,1329,303,1488,408
Drone_152.jpg,1920,1080,Drone,1276,317,1446,414
Drone_153.jpg,1920,1080,Drone,1299,305,1493,405
Drone_154.jpg,1920,1080,Drone,1110,304,1269,391
Drone_155.jpg,1920,1080,Drone,929,230,1085,319
Drone_159.jpg,1920,1080,Drone,659,119,954,325
Drone_16.jpg,1920,1080,Drone,828,977,1063,1072
Drone_160.jpg,1920,1080,Drone,843,153,1105,336
Drone_161.jpg,1920,1080,Drone,945,238,1247,399
Drone_163.jpg,1920,1080,Drone,969,584,1123,646
Drone_164.jpg,1920,1080,Drone,794,481,948,562
Drone_165.jpg,1920,1080,Drone,805,502,978,590
Drone_166.jpg,1920,1080,Drone,786,493,955,576
Drone_168.jpg,1920,1080,Drone,802,504,981,584
Drone_169.jpg,1920,1080,Drone,825,499,986,590
Drone_17.jpg,1920,1080,Drone,835,620,1043,679
Drone_170.jpg,1920,1080,Drone,806,493,980,584
Drone_171.jpg,1920,1080,Drone,821,511,980,577
Drone_173.jpg,1920,1080,Drone,802,505,978,577
Drone_174.jpg,1920,1080,Drone,825,495,967,573
Drone_175.jpg,1920,1080,Drone,811,501,980,583
Drone_176.jpg,1920,1080,Drone,836,495,975,582
Drone_177.jpg,1920,1080,Drone,834,490,1008,577
Drone_178.jpg,1920,1080,Drone,830,487,1000,573
Drone_179.jpg,1920,1080,Drone,852,499,1002,583
Drone_18.jpg,1920,1080,Drone,841,608,1066,679
Drone_180.jpg,1920,1080,Drone,874,505,1050,580
Drone_181.jpg,1920,1080,Drone,861,496,1028,574
Drone_182.jpg,1920,1080,Drone,1428,280,1642,414
Drone_183.jpg,1920,1080,Drone,1481,255,1668,383
Drone_186.jpg,1920,1080,Drone,1018,473,1178,564
Drone_187.jpg,1920,1080,Drone,1170,423,1352,518
Drone_188.jpg,1920,1080,Drone,1061,452,1236,529
Drone_189.jpg,1920,1080,Drone,986,530,1140,609
Drone_190.jpg,1920,1080,Drone,1008,514,1168,589
Drone_191.jpg,1920,1080,Drone,942,511,1105,599
Drone_192.jpg,1920,1080,Drone,981,493,1161,582
Drone_193.jpg,1920,1080,Drone,959,532,1108,617
Drone_196.jpg,1920,1080,Drone,903,539,1034,626
Drone_197.jpg,1920,1080,Drone,883,589,1046,657
Drone_198.jpg,1920,1080,Drone,936,568,1090,652
Drone_199.jpg,1920,1080,Drone,892,580,1047,654
Drone_2.jpg,1920,1080,Drone,938,527,1198,650
Drone_20.jpg,1920,1080,Drone,828,575,1084,648
Drone_200.jpg,1920,1080,Drone,867,586,1027,659
Drone_201.jpg,1920,1080,Drone,915,571,1052,651
Drone_202.jpg,1920,1080,Drone,921,577,1078,659
Drone_203.jpg,1920,1080,Drone,867,567,1017,649
Drone_205.jpg,1920,1080,Drone,967,527,1114,604
Drone_206.jpg,1920,1080,Drone,942,534,1078,615
Drone_207.jpg,1920,1080,Drone,881,549,1039,637
Drone_209.jpg,1920,1080,Drone,922,523,1065,608
Drone_210.jpg,1920,1080,Drone,931,526,1068,598
Drone_211.jpg,1920,1080,Drone,917,529,1075,614
Drone_212.jpg,1920,1080,Drone,853,527,1012,607
Drone_213.jpg,1920,1080,Drone,897,524,1067,612
Drone_215.jpg,1920,1080,Drone,897,523,1062,598
Drone_216.jpg,1920,1080,Drone,802,552,959,634
Drone_217.jpg,1920,1080,Drone,827,518,974,602
Drone_218.jpg,1920,1080,Drone,833,542,993,618
Drone_219.jpg,1920,1080,Drone,874,515,1042,599
Drone_22.jpg,1920,1080,Drone,840,719,1060,803
Drone_220.jpg,1920,1080,Drone,840,564,983,645
Drone_221.jpg,1920,1080,Drone,821,546,967,624
Drone_222.jpg,1920,1080,Drone,852,536,984,620
Drone_223.jpg,1920,1080,Drone,927,530,1045,615
Drone_224.jpg,1920,1080,Drone,934,508,1084,611
Drone_225.jpg,1920,1080,Drone,822,546,978,626
Drone_226.jpg,1920,1080,Drone,831,521,992,624
Drone_227.jpg,1920,1080,Drone,856,512,1024,592
Drone_229.jpg,1920,1080,Drone,833,483,992,579
Drone_23.jpg,1920,1080,Drone,865,790,1054,889
Drone_230.jpg,1920,1080,Drone,892,507,1043,587
Drone_231.jpg,1920,1080,Drone,797,490,972,596
Drone_232.jpg,1920,1080,Drone,755,486,925,586
Drone_233.jpg,1920,1080,Drone,827,458,984,557
Drone_234.jpg,1920,1080,Drone,815,477,977,576
Drone_236.jpg,1920,1080,Drone,830,495,971,592
Drone_237.jpg,1920,1080,Drone,827,470,972,579
Drone_238.jpg,1920,1080,Drone,880,471,1017,574
Drone_239.jpg,1920,1080,Drone,914,442,1092,532
Drone_24.jpg,1920,1080,Drone,750,548,1002,611
Drone_240.jpg,1920,1080,Drone,850,459,1022,562
Drone_241.jpg,1920,1080,Drone,964,424,1130,523
Drone_243.jpg,1920,1080,Drone,905,409,1090,536
Drone_246.jpg,1920,1080,Drone,1075,621,1256,712
Drone_249.jpg,1920,1080,Drone,1039,655,1231,742
Drone_25.jpg,1920,1080,Drone,800,483,1030,555
Drone_250.jpg,1920,1080,Drone,928,646,1120,712
Drone_251.jpg,1920,1080,Drone,975,651,1171,727
Drone_252.jpg,1920,1080,Drone,865,686,1065,779
Drone_254.jpg,1920,1080,Drone,918,696,1086,780
Drone_255.jpg,1920,1080,Drone,946,701,1120,786
Drone_256.jpg,1920,1080,Drone,903,724,1062,807
Drone_258.jpg,1920,1080,Drone,939,692,1115,774
Drone_259.jpg,1920,1080,Drone,1005,687,1195,761
Drone_26.jpg,1920,1080,Drone,792,636,1043,718
Drone_260.jpg,1920,1080,Drone,905,765,1118,842
Drone_261.jpg,1920,1080,Drone,878,673,1071,749
Drone_262.jpg,1920,1080,Drone,902,671,1108,755
Drone_263.jpg,1920,1080,Drone,940,661,1122,749
Drone_264.jpg,1920,1080,Drone,906,652,1086,730
Drone_265.jpg,1920,1080,Drone,920,632,1127,714
Drone_266.jpg,1920,1080,Drone,993,674,1137,746
Drone_268.jpg,1920,1080,Drone,956,664,1128,730
Drone_270.jpg,1920,1080,Drone,978,686,1162,757
Drone_271.jpg,1920,1080,Drone,937,674,1130,749
Drone_273.jpg,1920,1080,Drone,917,701,1090,767
Drone_274.jpg,1920,1080,Drone,1024,664,1181,729
Drone_275.jpg,1920,1080,Drone,996,665,1165,740
Drone_276.jpg,1920,1080,Drone,930,690,1118,767
Drone_277.jpg,1920,1080,Drone,914,720,1065,793
Drone_278.jpg,1920,1080,Drone,949,715,1103,795
Drone_279.jpg,1920,1080,Drone,918,658,1093,720
Drone_280.jpg,1920,1080,Drone,922,705,1100,779
Drone_281.jpg,1920,1080,Drone,850,682,1050,752
Drone_282.jpg,1920,1080,Drone,884,674,1065,740
Drone_285.jpg,1920,1080,Drone,945,652,1158,724
Drone_287.jpg,1920,1080,Drone,1017,652,1152,720
Drone_288.jpg,1920,1080,Drone,1047,630,1236,701
Drone_29.jpg,1920,1080,Drone,1014,509,1268,574
Drone_291.jpg,1920,1080,Drone,1037,662,1214,730
Drone_292.jpg,1920,1080,Drone,1053,652,1259,712
Drone_293.jpg,1920,1080,Drone,993,671,1183,746
Drone_294.jpg,1920,1080,Drone,978,637,1164,712
Drone_295.jpg,1920,1080,Drone,1083,671,1249,745
Drone_296.jpg,1920,1080,Drone,1083,626,1261,704
Drone_297.jpg,1920,1080,Drone,1096,654,1271,739
Drone_298.jpg,1920,1080,Drone,1078,682,1236,755
Drone_30.jpg,1920,1080,Drone,701,744,986,831
Drone_300.jpg,1920,1080,Drone,1046,677,1217,749
Drone_301.jpg,1920,1080,Drone,1108,598,1299,683
Drone_302.jpg,1920,1080,Drone,1134,601,1321,680
Drone_303.jpg,1920,1080,Drone,1027,592,1208,671
Drone_304.jpg,1920,1080,Drone,997,570,1170,649
Drone_305.jpg,1920,1080,Drone,912,624,1128,696
Drone_308.jpg,1920,1080,Drone,899,624,1121,714
Drone_309.jpg,1920,1080,Drone,992,576,1222,674
Drone_310.jpg,1920,1080,Drone,978,576,1228,668
Drone_311.jpg,1920,1080,Drone,977,604,1222,696
Drone_312.jpg,1920,1080,Drone,943,645,1195,730
Drone_313.jpg,1920,1080,Drone,1028,605,1275,711
Drone_315.jpg,1920,1080,Drone,952,564,1162,657
Drone_316.jpg,1920,1080,Drone,953,633,1181,724
Drone_317.jpg,1920,1080,Drone,934,580,1156,686
Drone_318.jpg,1920,1080,Drone,1100,521,1330,618
Drone_319.jpg,1920,1080,Drone,1017,564,1236,662
Drone_32.jpg,1920,1080,Drone,852,318,1052,401
Drone_320.jpg,1920,1080,Drone,1027,561,1267,657
Drone_321.jpg,1920,1080,Drone,1049,532,1284,642
Drone_322.jpg,1920,1080,Drone,1086,536,1321,636
Drone_323.jpg,1920,1080,Drone,989,567,1234,659
Drone_324.jpg,1920,1080,Drone,986,583,1230,674
Drone_326.jpg,1920,1080,Drone,977,612,1227,695
Drone_327.jpg,1920,1080,Drone,947,592,1178,664
Drone_329.jpg,1920,1080,Drone,980,607,1166,677
Drone_33.jpg,1920,1080,Drone,868,404,1062,470
Drone_330.jpg,1920,1080,Drone,947,608,1138,683
Drone_331.jpg,1920,1080,Drone,934,586,1111,662
Drone_332.jpg,1920,1080,Drone,986,586,1164,649
Drone_333.jpg,1920,1080,Drone,949,626,1126,684
Drone_335.jpg,1920,1080,Drone,966,613,1150,673
Drone_336.jpg,1920,1080,Drone,909,650,1086,715
Drone_337.jpg,1920,1080,Drone,1015,606,1184,669
Drone_338.jpg,1920,1080,Drone,962,575,1133,643
Drone_339.jpg,1920,1080,Drone,871,632,1045,695
Drone_34.jpg,1920,1080,Drone,791,562,1062,647
Drone_340.jpg,1920,1080,Drone,958,597,1142,666
Drone_341.jpg,1920,1080,Drone,956,551,1129,621
Drone_342.jpg,1920,1080,Drone,931,583,1114,649
Drone_343.jpg,1920,1080,Drone,937,600,1117,671
Drone_344.jpg,1920,1080,Drone,1023,553,1209,631
Drone_345.jpg,1920,1080,Drone,989,591,1172,668
Drone_346.jpg,1920,1080,Drone,973,572,1160,645
Drone_347.jpg,1920,1080,Drone,984,560,1174,639
Drone_348.jpg,1920,1080,Drone,957,581,1143,647
Drone_349.jpg,1920,1080,Drone,930,584,1135,663
Drone_35.jpg,1920,1080,Drone,677,448,956,520
Drone_351.jpg,1920,1080,Drone,957,588,1158,667
Drone_352.jpg,1920,1080,Drone,979,559,1186,640
Drone_354.jpg,1920,1080,Drone,1001,567,1209,654
Drone_355.jpg,1920,1080,Drone,993,606,1211,681
Drone_357.jpg,1920,1080,Drone,1053,556,1252,632
Drone_358.jpg,1920,1080,Drone,988,587,1206,680
Drone_359.jpg,1920,1080,Drone,965,569,1185,663
Drone_36.jpg,1920,1080,Drone,866,414,1096,481
Drone_361.jpg,1920,1080,Drone,970,556,1170,642
Drone_362.jpg,1920,1080,Drone,982,616,1169,695
Drone_363.jpg,1920,1080,Drone,992,586,1174,662
Drone_364.jpg,1920,1080,Drone,961,604,1174,693
Drone_366.jpg,1920,1080,Drone,898,618,1114,708
Drone_368.jpg,1920,1080,Drone,927,620,1128,708
Drone_37.jpg,1920,1080,Drone,720,702,960,790
Drone_370.jpg,1920,1080,Drone,880,582,1113,673
Drone_371.jpg,1920,1080,Drone,863,605,1084,697
Drone_372.jpg,1920,1080,Drone,973,540,1205,628
Drone_373.jpg,1920,1080,Drone,915,565,1145,654
Drone_374.jpg,1920,1080,Drone,938,588,1165,672
Drone_375.jpg,1920,1080,Drone,972,579,1213,664
Drone_376.jpg,1920,1080,Drone,954,575,1179,661
Drone_377.jpg,1920,1080,Drone,969,565,1188,645
Drone_378.jpg,1920,1080,Drone,892,567,1126,654
Drone_379.jpg,1920,1080,Drone,915,568,1144,661
Drone_38.jpg,1920,1080,Drone,927,474,1103,542
Drone_380.jpg,1920,1080,Drone,948,583,1160,665
Drone_381.jpg,1920,1080,Drone,905,587,1094,665
Drone_382.jpg,1920,1080,Drone,939,529,1163,623
Drone_383.jpg,1920,1080,Drone,939,594,1122,665
Drone_384.jpg,1920,1080,Drone,903,579,1079,648
Drone_385.jpg,1920,1080,Drone,852,642,1025,702
Drone_389.jpg,1920,1080,Drone,864,648,1031,708
Drone_39.jpg,1920,1080,Drone,837,516,1141,627
Drone_390.jpg,1920,1080,Drone,893,701,1001,736
Drone_391.jpg,1920,1080,Drone,949,716,1059,757
Drone_393.jpg,1920,1080,Drone,866,738,993,789
Drone_395.jpg,1920,1080,Drone,945,647,1073,690
Drone_396.jpg,1920,1080,Drone,948,693,1071,734
Drone_397.jpg,1920,1080,Drone,950,689,1090,733
Drone_398.jpg,1920,1080,Drone,902,680,1038,720
Drone_399.jpg,1920,1080,Drone,929,685,1075,738
Drone_40.jpg,1920,1080,Drone,783,526,1044,648
Drone_400.jpg,1920,1080,Drone,924,695,1052,747
Drone_401.jpg,1920,1080,Drone,935,653,1065,701
Drone_402.jpg,1920,1080,Drone,900,710,1018,761
Drone_403.jpg,1920,1080,Drone,883,692,1016,737
Drone_404.jpg,1920,1080,Drone,866,717,1022,763
Drone_405.jpg,1920,1080,Drone,904,666,1056,713
Drone_406.jpg,1920,1080,Drone,844,702,993,758
Drone_407.jpg,1920,1080,Drone,833,714,988,768
Drone_408.jpg,1920,1080,Drone,914,669,1047,728
Drone_409.jpg,1920,1080,Drone,876,683,1017,743
Drone_41.jpg,1920,1080,Drone,789,485,1021,615
Drone_410.jpg,1920,1080,Drone,927,652,1085,712
Drone_411.jpg,1920,1080,Drone,901,686,1061,747
Drone_412.jpg,1920,1080,Drone,882,662,1051,735
Drone_413.jpg,1920,1080,Drone,935,642,1074,713
Drone_414.jpg,1920,1080,Drone,890,636,1043,710
Drone_415.jpg,1920,1080,Drone,984,638,1136,710
Drone_416.jpg,1920,1080,Drone,974,629,1079,695
Drone_417.jpg,1920,1080,Drone,992,649,1116,723
Drone_418.jpg,1920,1080,Drone,865,704,999,772
Drone_420.jpg,1920,1080,Drone,808,700,960,758
Drone_421.jpg,1920,1080,Drone,889,665,1036,723
Drone_424.jpg,1920,1080,Drone,859,770,978,829
Drone_425.jpg,1920,1080,Drone,790,722,927,790
Drone_426.jpg,1920,1080,Drone,979,688,1086,741
Drone_427.jpg,1920,1080,Drone,1092,650,1211,704
Drone_429.jpg,1920,1080,Drone,1010,679,1130,720
Drone_43.jpg,1920,1080,Drone,751,384,1067,535
Drone_430.jpg,1920,1080,Drone,1026,670,1140,713
Drone_432.jpg,1920,1080,Drone,1013,642,1141,693
Drone_433.jpg,1920,1080,Drone,1040,665,1180,724
Drone_434.jpg,1920,1080,Drone,1000,670,1141,728
Drone_435.jpg,1920,1080,Drone,1015,609,1165,672
Drone_436.jpg,1920,1080,Drone,1054,622,1192,677
Drone_438.jpg,1920,1080,Drone,1034,657,1179,717
Drone_439.jpg,1920,1080,Drone,1080,568,1236,619
Drone_44.jpg,1920,1080,Drone,718,441,923,545
Drone_440.jpg,1920,1080,Drone,958,607,1094,660
Drone_441.jpg,1920,1080,Drone,997,589,1128,650
Drone_442.jpg,1920,1080,Drone,975,557,1123,610
Drone_443.jpg,1920,1080,Drone,981,583,1115,643
Drone_444.jpg,1920,1080,Drone,938,609,1101,687
Drone_445.jpg,1920,1080,Drone,953,574,1097,636
Drone_446.jpg,1920,1080,Drone,979,594,1121,650
Drone_447.jpg,1920,1080,Drone,990,565,1133,626
Drone_448.jpg,1920,1080,Drone,1038,607,1181,673
Drone_45.jpg,1920,1080,Drone,845,446,1050,560
Drone_450.jpg,1920,1080,Drone,1012,570,1182,643
Drone_451.jpg,1920,1080,Drone,1042,559,1197,632
Drone_452.jpg,1920,1080,Drone,1079,564,1237,647
Drone_453.jpg,1920,1080,Drone,996,572,1154,642
Drone_454.jpg,1920,1080,Drone,1018,552,1166,623
Drone_455.jpg,1920,1080,Drone,1002,590,1151,660
Drone_456.jpg,1920,1080,Drone,1008,563,1165,639
Drone_458.jpg,1920,1080,Drone,941,588,1082,649
Drone_46.jpg,1920,1080,Drone,839,312,1224,492
Drone_460.jpg,1920,1080,Drone,970,608,1111,682
Drone_461.jpg,1920,1080,Drone,965,615,1103,680
Drone_462.jpg,1920,1080,Drone,1033,552,1159,616
Drone_463.jpg,1920,1080,Drone,970,616,1113,680
Drone_464.jpg,1920,1080,Drone,1070,610,1215,682
Drone_465.jpg,1920,1080,Drone,924,643,1072,699
Drone_466.jpg,1920,1080,Drone,993,667,1133,725
Drone_468.jpg,1920,1080,Drone,822,681,1001,751
Drone_469.jpg,1920,1080,Drone,850,643,1005,711
Drone_47.jpg,1920,1080,Drone,659,308,946,480
Drone_471.jpg,1920,1080,Drone,879,650,1034,722
Drone_472.jpg,1920,1080,Drone,886,617,1045,688
Drone_474.jpg,1920,1080,Drone,895,675,1079,730
Drone_476.jpg,1920,1080,Drone,816,682,996,735
Drone_477.jpg,1920,1080,Drone,878,666,1050,727
Drone_478.jpg,1920,1080,Drone,834,679,1001,731
Drone_479.jpg,1920,1080,Drone,764,634,920,692
Drone_48.jpg,1920,1080,Drone,578,266,798,414
Drone_480.jpg,1920,1080,Drone,799,650,964,710
Drone_481.jpg,1920,1080,Drone,831,631,991,702
Drone_482.jpg,1920,1080,Drone,826,711,980,772
Drone_483.jpg,1920,1080,Drone,891,614,992,678
Drone_484.jpg,1920,1080,Drone,879,638,996,694
Drone_486.jpg,1920,1080,Drone,924,624,1032,679
Drone_487.jpg,1920,1080,Drone,951,657,1086,708
Drone_488.jpg,1920,1080,Drone,905,672,1041,729
Drone_489.jpg,1920,1080,Drone,909,701,1062,769
Drone_49.jpg,1920,1080,Drone,850,275,1110,449
Drone_490.jpg,1920,1080,Drone,815,723,963,781
Drone_491.jpg,1920,1080,Drone,832,688,966,754
Drone_492.jpg,1920,1080,Drone,918,643,1027,706
Drone_493.jpg,1920,1080,Drone,912,634,1049,701
Drone_495.jpg,1920,1080,Drone,914,655,1046,716
Drone_497.jpg,1920,1080,Drone,947,624,1074,682
Drone_498.jpg,1920,1080,Drone,974,649,1108,700
Drone_499.jpg,1920,1080,Drone,957,652,1102,715
Drone_5.jpg,1920,1080,Drone,987,627,1195,765
Drone_50.jpg,1920,1080,Drone,734,362,1095,578
Drone_500.jpg,1920,1080,Drone,826,704,939,755
Drone_501.jpg,1920,1080,Drone,926,634,1071,705
Drone_502.jpg,1920,1080,Drone,959,614,1081,664
Drone_503.jpg,1920,1080,Drone,921,641,1037,696
Drone_504.jpg,1920,1080,Drone,884,650,1032,704
Drone_505.jpg,1920,1080,Drone,948,615,1091,666
Drone_506.jpg,1920,1080,Drone,878,629,1033,689
Drone_508.jpg,1920,1080,Drone,899,665,1023,727
Drone_510.jpg,1920,1080,Drone,837,702,992,765
Drone_511.jpg,1920,1080,Drone,764,682,941,762
Drone_512.jpg,1920,1080,Drone,888,644,1046,725
Drone_513.jpg,1920,1080,Drone,692,686,877,770
Drone_515.jpg,1920,1080,Drone,639,774,823,855
Drone_516.jpg,1920,1080,Drone,747,681,856,745
Drone_517.jpg,1920,1080,Drone,796,685,944,757
Drone_518.jpg,1920,1080,Drone,923,669,1058,727
Drone_519.jpg,1920,1080,Drone,799,696,916,764
Drone_520.jpg,1920,1080,Drone,783,721,934,790
Drone_521.jpg,1920,1080,Drone,869,697,1022,751
Drone_522.jpg,1920,1080,Drone,734,680,921,741
Drone_523.jpg,1920,1080,Drone,817,669,961,744
Drone_524.jpg,1920,1080,Drone,708,740,871,812
Drone_525.jpg,1920,1080,Drone,779,622,924,690
Drone_526.jpg,1920,1080,Drone,769,707,944,777
Drone_528.jpg,1920,1080,Drone,763,462,898,547
Drone_529.jpg,1920,1080,Drone,893,256,1041,361
Drone_53.jpg,1920,1080,Drone,741,508,1018,649
Drone_530.jpg,1920,1080,Drone,844,284,996,392
Drone_531.jpg,1920,1080,Drone,816,329,953,424
Drone_532.jpg,1920,1080,Drone,874,282,1024,389
Drone_534.jpg,1920,1080,Drone,852,299,984,394
Drone_535.jpg,1920,1080,Drone,866,255,977,339
Drone_536.jpg,1920,1080,Drone,874,241,997,341
Drone_537.jpg,1920,1080,Drone,928,266,1044,356
Drone_538.jpg,1920,1080,Drone,876,235,987,332
Drone_539.jpg,1920,1080,Drone,892,239,1006,327
Drone_540.jpg,1920,1080,Drone,924,305,1041,406
Drone_541.jpg,1920,1080,Drone,931,254,1049,351
Drone_542.jpg,1920,1080,Drone,957,327,1082,425
Drone_543.jpg,1920,1080,Drone,963,325,1093,421
Drone_544.jpg,1920,1080,Drone,902,287,1026,401
Drone_545.jpg,1920,1080,Drone,921,299,1047,400
Drone_546.jpg,1920,1080,Drone,941,262,1074,375
Drone_547.jpg,1920,1080,Drone,869,317,1008,407
Drone_549.jpg,1920,1080,Drone,888,321,1038,419
Drone_55.jpg,1920,1080,Drone,747,255,988,459
Drone_550.jpg,1920,1080,Drone,922,295,1074,394
Drone_551.jpg,1920,1080,Drone,886,267,1039,389
Drone_552.jpg,1920,1080,Drone,881,282,1043,402
Drone_553.jpg,1920,1080,Drone,893,272,1046,379
Drone_554.jpg,1920,1080,Drone,916,285,1058,380
Drone_555.jpg,1920,1080,Drone,969,244,1107,350
Drone_556.jpg,1920,1080,Drone,981,291,1118,391
Drone_557.jpg,1920,1080,Drone,869,369,1012,471
Drone_558.jpg,1920,1080,Drone,909,264,1059,367
Drone_559.jpg,1920,1080,Drone,884,234,1031,360
Drone_560.jpg,1920,1080,Drone,879,262,1042,382
Drone_561.jpg,1920,1080,Drone,802,287,959,405
Drone_562.jpg,1920,1080,Drone,812,277,988,386
Drone_564.jpg,1920,1080,Drone,834,254,993,365
Drone_565.jpg,1920,1080,Drone,734,155,923,295
Drone_566.jpg,1920,1080,Drone,746,235,933,360
Drone_567.jpg,1920,1080,Drone,669,260,851,392
Drone_568.jpg,1920,1080,Drone,697,196,879,326
Drone_569.jpg,1920,1080,Drone,704,245,869,355
Drone_57.jpg,1920,1080,Drone,781,431,978,530
Drone_570.jpg,1920,1080,Drone,802,326,958,425
Drone_571.jpg,1920,1080,Drone,808,337,948,432
Drone_572.jpg,1920,1080,Drone,672,304,839,409
Drone_573.jpg,1920,1080,Drone,817,349,968,454
Drone_576.jpg,1920,1080,Drone,902,286,1033,392
Drone_577.jpg,1920,1080,Drone,898,261,1044,367
Drone_579.jpg,1920,1080,Drone,896,256,1038,367
Drone_58.jpg,1920,1080,Drone,781,458,996,571
Drone_580.jpg,1920,1080,Drone,912,306,1057,412
Drone_583.jpg,1920,1080,Drone,887,280,1027,384
Drone_584.jpg,1920,1080,Drone,958,247,1096,356
Drone_586.jpg,1920,1080,Drone,928,271,1079,380
Drone_588.jpg,1920,1080,Drone,732,325,879,424
Drone_59.jpg,1920,1080,Drone,830,500,1046,617
Drone_590.jpg,1920,1080,Drone,792,317,933,417
Drone_591.jpg,1920,1080,Drone,793,312,939,409
Drone_592.jpg,1920,1080,Drone,898,369,1064,499
Drone_593.jpg,1920,1080,Drone,768,362,929,486
Drone_594.jpg,1920,1080,Drone,996,362,1119,456
Drone_596.jpg,1920,1080,Drone,1034,342,1146,421
Drone_597.jpg,1920,1080,Drone,972,401,1089,472
Drone_598.jpg,1920,1080,Drone,1027,335,1151,431
Drone_599.jpg,1920,1080,Drone,1094,355,1201,429
Drone_6.jpg,1920,1080,Drone,869,637,1100,774
Drone_60.jpg,1920,1080,Drone,950,300,1168,410
Drone_600.jpg,1920,1080,Drone,833,361,976,461
Drone_603.jpg,1920,1080,Drone,686,352,837,446
Drone_604.jpg,1920,1080,Drone,739,330,886,419
Drone_605.jpg,1920,1080,Drone,802,325,942,434
Drone_606.jpg,1920,1080,Drone,758,402,892,486
Drone_607.jpg,1920,1080,Drone,749,371,876,445
Drone_609.jpg,1920,1080,Drone,748,397,883,489
Drone_61.jpg,1920,1080,Drone,980,327,1220,438
Drone_610.jpg,864,1152,Drone,292,395,636,535
Drone_612.jpg,864,1152,Drone,213,326,611,500
Drone_614.jpg,864,1152,Drone,250,216,667,420
Drone_616.jpg,864,1152,Drone,387,275,744,442
Drone_617.jpg,864,1152,Drone,300,323,624,457
Drone_618.jpg,864,1152,Drone,287,269,582,395
Drone_62.jpg,1920,1080,Drone,829,455,1039,562
Drone_621.jpg,864,1152,Drone,330,226,547,333
Drone_622.jpg,864,1152,Drone,312,169,522,283
Drone_625.jpg,864,1152,Drone,394,282,524,369
Drone_626.jpg,864,1152,Drone,374,327,493,401
Drone_627.jpg,864,1152,Drone,299,334,415,403
Drone_628.jpg,864,1152,Drone,332,358,451,427
Drone_629.jpg,864,1152,Drone,282,345,396,407
Drone_63.jpg,1920,1080,Drone,822,405,1058,515
Drone_631.jpg,864,1152,Drone,437,273,551,338
Drone_632.jpg,864,1152,Drone,424,282,540,348
Drone_633.jpg,864,1152,Drone,333,333,431,389
Drone_634.jpg,864,1152,Drone,333,347,434,401
Drone_635.jpg,864,1152,Drone,345,296,440,345
Drone_636.jpg,864,1152,Drone,381,333,478,381
Drone_637.jpg,864,1152,Drone,392,391,478,432
Drone_639.jpg,864,1152,Drone,353,389,446,433
Drone_640.jpg,864,1152,Drone,292,410,381,447
Drone_641.jpg,864,1152,Drone,338,398,422,438
Drone_642.jpg,864,1152,Drone,275,367,364,410
Drone_643.jpg,864,1152,Drone,387,327,480,375
Drone_644.jpg,864,1152,Drone,342,416,420,453
Drone_645.jpg,864,1152,Drone,264,266,508,352
Drone_646.jpg,864,1152,Drone,152,267,406,357
Drone_648.jpg,864,1152,Drone,382,451,487,491
Drone_649.jpg,864,1152,Drone,415,444,537,488
Drone_650.jpg,864,1152,Drone,426,527,533,565
Drone_651.jpg,864,1152,Drone,407,429,497,467
Drone_652.jpg,864,1152,Drone,412,469,508,509
Drone_653.jpg,864,1152,Drone,306,444,521,517
Drone_655.jpg,864,1152,Drone,225,332,459,408
Drone_656.jpg,864,1152,Drone,232,310,467,377
Drone_657.jpg,864,1152,Drone,238,363,455,428
Drone_659.jpg,864,1152,Drone,276,347,515,422
Drone_66.jpg,1920,1080,Drone,784,498,1019,621
Drone_660.jpg,864,1152,Drone,292,340,529,407
Drone_661.jpg,864,1152,Drone,286,330,524,401
Drone_663.jpg,864,1152,Drone,357,293,452,329
Drone_664.jpg,864,1152,Drone,446,282,546,319
Drone_665.jpg,864,1152,Drone,363,236,474,286
Drone_666.jpg,864,1152,Drone,395,347,530,414
Drone_667.jpg,864,1152,Drone,351,342,530,449
Drone_669.jpg,864,1152,Drone,189,215,479,405
Drone_67.jpg,1920,1080,Drone,859,437,1085,582
Drone_670.jpg,864,1152,Drone,186,205,479,399
Drone_671.jpg,864,1152,Drone,208,148,600,453
Drone_675.jpg,864,1152,Drone,262,272,457,453
Drone_676.jpg,864,1152,Drone,282,246,471,433
Drone_677.jpg,864,1152,Drone,277,243,468,437
Drone_679.jpg,864,1152,Drone,335,346,517,472
Drone_680.jpg,864,1152,Drone,333,184,522,336
Drone_681.jpg,864,1152,Drone,159,353,592,589
Drone_682.jpg,864,1152,Drone,163,349,593,591
Drone_683.jpg,864,1152,Drone,173,363,604,599
Drone_684.jpg,864,1152,Drone,397,463,507,514
Drone_685.jpg,864,1152,Drone,403,460,513,513
Drone_686.jpg,864,1152,Drone,382,460,492,508
Drone_687.jpg,864,1152,Drone,269,388,563,500
Drone_688.jpg,864,1152,Drone,196,384,495,499
Drone_689.jpg,864,1152,Drone,240,302,540,423
Drone_69.jpg,1920,1080,Drone,804,476,1029,618
Drone_690.jpg,864,1152,Drone,107,366,601,539
Drone_692.jpg,864,1152,Drone,239,362,688,511
Drone_693.jpg,864,1152,Drone,246,379,691,523
Drone_694.jpg,864,1152,Drone,175,220,569,349
Drone_695.jpg,864,1152,Drone,158,194,544,323
Drone_696.jpg,864,1152,Drone,207,186,588,309
Drone_697.jpg,864,1152,Drone,382,514,435,533
Drone_698.jpg,864,1152,Drone,381,513,435,534
Drone_699.jpg,864,1152,Drone,275,314,476,383
Drone_7.jpg,1920,1080,Drone,855,645,1089,759
Drone_700.jpg,864,1152,Drone,288,325,486,393
Drone_701.jpg,864,1152,Drone,334,471,483,521
Drone_702.jpg,864,1152,Drone,328,463,481,518
Drone_703.jpg,864,1152,Drone,329,471,481,521
Drone_704.jpg,864,1152,Drone,346,453,524,522
Drone_705.jpg,864,1152,Drone,328,442,508,515
Drone_706.jpg,864,1152,Drone,309,288,539,400
Drone_708.jpg,864,1152,Drone,351,398,655,576
Drone_709.jpg,864,1152,Drone,309,361,613,543
Drone_71.jpg,1920,1080,Drone,813,463,1050,615
Drone_710.jpg,864,1152,Drone,275,266,595,493
Drone_711.jpg,864,1152,Drone,275,233,595,468
Drone_712.jpg,864,1152,Drone,217,326,557,565
Drone_713.jpg,864,1152,Drone,184,324,523,565
Drone_714.jpg,864,1152,Drone,208,341,552,583
Drone_715.jpg,864,1152,Drone,283,475,509,537
Drone_716.jpg,864,1152,Drone,273,471,499,531
Drone_717.jpg,864,1152,Drone,348,319,565,373
Drone_718.jpg,864,1152,Drone,293,307,510,359
Drone_719.jpg,864,1152,Drone,296,317,514,369
Drone_72.jpg,1920,1080,Drone,696,383,900,513
Drone_720.jpg,864,1152,Drone,253,458,547,541
Drone_722.jpg,864,1152,Drone,253,433,545,518
Drone_724.jpg,864,1152,Drone,376,482,510,527
Drone_725.jpg,864,1152,Drone,381,477,508,516
Drone_726.jpg,864,1152,Drone,323,346,487,403
Drone_727.jpg,864,1152,Drone,332,366,495,424
Drone_728.jpg,864,1152,Drone,339,337,502,393
Drone_729.jpg,864,1152,Drone,328,369,490,425
Drone_73.jpg,1920,1080,Drone,697,408,893,530
Drone_730.jpg,864,1152,Drone,367,485,442,513
Drone_731.jpg,864,1152,Drone,364,474,437,500
Drone_733.jpg,864,1152,Drone,356,467,432,494
Drone_734.jpg,864,1152,Drone,359,526,435,555
Drone_735.jpg,864,1152,Drone,387,485,464,515
Drone_736.jpg,864,1152,Drone,368,502,441,525
Drone_737.jpg,864,1152,Drone,162,409,729,586
Drone_739.jpg,864,1152,Drone,106,392,670,569
Drone_74.jpg,1920,1080,Drone,787,393,980,509
Drone_740.jpg,864,1152,Drone,30,386,575,528
Drone_741.jpg,864,1152,Drone,52,387,599,528
Drone_742.jpg,864,1152,Drone,83,395,632,539
Drone_743.jpg,864,1152,Drone,240,451,480,518
Drone_744.jpg,864,1152,Drone,317,456,556,522
Drone_747.jpg,864,1152,Drone,372,515,462,541
Drone_748.jpg,864,1152,Drone,373,522,464,547
Drone_75.jpg,1920,1080,Drone,706,391,947,529
Drone_750.jpg,864,1152,Drone,357,411,457,438
Drone_752.jpg,864,1152,Drone,278,345,569,422
Drone_754.jpg,864,1152,Drone,295,318,586,402
Drone_755.jpg,864,1152,Drone,408,481,468,500
Drone_756.jpg,864,1152,Drone,394,484,452,500
Drone_757.jpg,864,1152,Drone,386,604,444,622
Drone_758.jpg,864,1152,Drone,160,483,533,581
Drone_760.jpg,864,1152,Drone,161,377,535,478
Drone_761.jpg,1152,864,Drone,366,283,630,347
Drone_762.jpg,1152,864,Drone,353,295,618,358
Drone_766.jpg,1152,864,Drone,155,253,852,452
Drone_767.jpg,1152,864,Drone,255,285,1029,504
Drone_768.jpg,1152,864,Drone,240,280,1008,495
Drone_769.jpg,1152,864,Drone,244,285,967,417
Drone_77.jpg,1920,1080,Drone,683,294,912,418
Drone_770.jpg,1152,864,Drone,248,284,979,422
Drone_771.jpg,1152,864,Drone,186,256,925,443
Drone_772.jpg,1152,864,Drone,216,257,945,434
Drone_774.jpg,1152,864,Drone,75,267,901,793
Drone_775.jpg,1152,864,Drone,21,256,868,793
Drone_776.jpg,1152,864,Drone,66,291,1058,756
Drone_777.jpg,1152,864,Drone,1,308,1024,840
Drone_778.jpg,1152,864,Drone,191,199,1017,599
Drone_779.jpg,1152,864,Drone,164,201,1019,623
Drone_78.jpg,1920,1080,Drone,835,429,1011,522
Drone_782.jpg,1152,864,Drone,145,193,918,610
Drone_784.jpg,1152,864,Drone,100,162,1012,625
Drone_786.jpg,1152,864,Drone,31,179,967,660
Drone_787.jpg,1152,864,Drone,205,144,1019,516
Drone_788.jpg,1152,864,Drone,107,173,960,594
Drone_789.jpg,1152,864,Drone,102,103,959,492
Drone_79.jpg,1920,1080,Drone,691,470,835,545
Drone_790.jpg,1152,864,Drone,58,110,940,506
Drone_791.jpg,1152,864,Drone,1,113,936,570
Drone_792.jpg,1152,864,Drone,154,153,931,434
Drone_795.jpg,1152,864,Drone,364,438,944,860
Drone_796.jpg,1152,864,Drone,336,453,910,864
Drone_798.jpg,1152,864,Drone,308,440,1085,864
Drone_799.jpg,864,1152,Drone,210,308,607,413
Drone_8.jpg,1920,1080,Drone,792,666,1025,785
Drone_80.jpg,1920,1080,Drone,920,521,1074,598
Drone_800.jpg,864,1152,Drone,265,474,639,569
Drone_801.jpg,864,1152,Drone,274,451,643,550
Drone_802.jpg,864,1152,Drone,341,384,714,487
Drone_803.jpg,864,1152,Drone,195,359,577,466
Drone_804.jpg,864,1152,Drone,224,344,606,451
Drone_805.jpg,864,1152,Drone,328,490,542,553
Drone_808.jpg,864,1152,Drone,288,520,490,582
Drone_81.jpg,1920,1080,Drone,923,494,1048,552
Drone_810.jpg,864,1152,Drone,378,489,568,545
Drone_811.jpg,864,1152,Drone,290,479,494,538
Drone_812.jpg,864,1152,Drone,301,487,502,542
Drone_813.jpg,864,1152,Drone,310,535,518,586
Drone_815.jpg,864,1152,Drone,331,459,599,528
Drone_816.jpg,864,1152,Drone,311,438,583,506
Drone_818.jpg,864,1152,Drone,302,491,554,545
Drone_82.jpg,1920,1080,Drone,859,464,996,530
Drone_83.jpg,1920,1080,Drone,939,490,1084,546
Drone_84.jpg,1920,1080,Drone,989,552,1150,615
Drone_85.jpg,1920,1080,Drone,887,463,1047,537
Drone_86.jpg,1920,1080,Drone,887,506,1059,588
Drone_87.jpg,1920,1080,Drone,888,411,1074,521
Drone_88.jpg,1920,1080,Drone,851,388,1025,490
Drone_89.jpg,1920,1080,Drone,828,361,986,470
Drone_9.jpg,1920,1080,Drone,876,643,1103,736
Drone_90.jpg,1920,1080,Drone,835,373,989,476
Drone_91.jpg,1920,1080,Drone,730,333,893,436
Drone_92.jpg,1920,1080,Drone,648,419,816,505
Drone_93.jpg,1920,1080,Drone,631,535,799,621
Drone_95.jpg,1920,1080,Drone,771,572,924,636
Drone_96.jpg,1920,1080,Drone,892,527,1031,585
Drone_97.jpg,1920,1080,Drone,983,611,1137,672
DSC_0031.JPG,1280,720,Drone,300,149,978,561
DSC_0032.JPG,1280,720,Drone,157,85,1130,516
DSC_0033.JPG,1280,720,Drone,182,191,1142,460
DSC_0034.JPG,1280,720,Drone,142,201,999,537
DSC_0035.JPG,1280,720,Drone,159,146,1085,546
DSC_0036.JPG,1280,720,Drone,168,10,1025,667
DSC_0037.JPG,1280,720,Drone,212,143,967,518
DSC_0038.JPG,1280,720,Drone,184,190,1018,536
DSC_0039.JPG,1280,720,Drone,213,271,1011,457
DSC_0040.JPG,1280,720,Drone,322,232,988,432
DSC_0041.JPG,1280,720,Drone,366,246,882,572
DSC_0042.JPG,1280,720,Drone,367,220,934,542
DSC_0043.JPG,1280,720,Drone,514,258,738,436
DSC_0044.JPG,1280,720,Drone,547,295,722,406
DSC_0045.JPG,1280,720,Drone,559,296,725,401
DSC_0046.JPG,1280,720,Drone,585,301,688,379
DSC_0047.JPG,1280,720,Drone,565,298,706,393
DSC_0048.JPG,1280,720,Drone,569,334,702,396
DSC_0049.JPG,1280,720,Drone,557,292,711,385
DSC_0050.JPG,1280,720,Drone,579,298,683,378
DSC_0051.JPG,1280,720,Drone,460,216,761,456
DSC_0052.JPG,1280,720,Drone,383,202,837,471
DSC_0053.JPG,1280,720,Drone,396,198,831,438
DSC_0054.JPG,1280,720,Drone,416,187,871,494
DSC_0055.JPG,1280,720,Drone,464,154,797,478
DSC_0056.JPG,1280,720,Drone,456,217,746,475
DSC_0057.JPG,1280,720,Drone,396,213,828,488
DSC_0058.JPG,1280,720,Drone,450,223,807,421
DSC_0059.JPG,1280,720,Drone,435,220,832,459
DSC_0060.JPG,1280,720,Drone,374,61,819,547
DSC_0061.JPG,1280,720,Drone,519,221,685,397
DSC_0062.JPG,1280,720,Drone,564,321,695,370
DSC_0063.JPG,1280,720,Drone,610,339,658,356
DSC_0064.JPG,1280,720,Drone,567,316,688,356
DSC_0065.JPG,1280,720,Drone,607,333,651,348
DSC_0066.JPG,1280,720,Drone,532,314,670,368
DSC_0067.JPG,1280,720,Drone,605,325,654,345
DSC_0068.JPG,1280,720,Drone,577,318,676,371
DSC_0069.JPG,1280,720,Drone,606,320,642,340
DSC_0070.JPG,1280,720,Drone,576,317,693,350
DSC_0071.JPG,1280,720,Drone,606,333,649,343
DSC_0072.JPG,1280,720,Drone,567,324,703,366
DSC_0073.JPG,1280,720,Drone,607,332,654,346
DSC_0074.JPG,1280,720,Drone,558,301,693,338
DSC_0075.JPG,1280,720,Drone,598,336,645,348
DSC_0076.JPG,1280,720,Drone,536,294,668,374
DSC_0077.JPG,1280,720,Drone,615,333,661,362
DSC_0078.JPG,1280,720,Drone,602,308,670,348
DSC_0079.JPG,1280,720,Drone,609,328,654,355
DSC_0080.JPG,1280,720,Drone,620,330,646,345
DSC_0081.JPG,1280,720,Drone,609,312,657,356
DSC_0082.JPG,1280,720,Drone,611,323,645,353
DSC_0083.JPG,1280,720,Drone,631,328,650,345
DSC_0084.JPG,1280,720,Drone,600,316,670,361
DSC_0085.JPG,1280,720,Drone,604,329,650,359
DSC_0086.JPG,1280,720,Drone,622,330,648,349
DSC_0087.JPG,1280,720,Drone,596,294,663,361
DSC_0088.JPG,1280,720,Drone,614,299,658,342
DSC_0089.JPG,1280,720,Drone,622,306,649,330
DSC_0090.JPG,1280,720,Drone,605,328,640,343
DSC_0091.JPG,1280,720,Drone,608,343,643,352
DSC_0092.JPG,1280,720,Drone,640,329,660,338
DSC_0093.JPG,1280,720,Drone,559,325,683,383
IMG_1581.jpg,960,720,Drone,492,354,543,380
IMG_1582.jpg,960,720,Drone,423,336,473,367
IMG_1584.jpg,960,720,Drone,516,303,589,346
IMG_1585.jpg,960,720,Drone,481,365,548,405
IMG_1586.jpg,960,720,Drone,439,303,524,351
IMG_1587.jpg,960,720,Drone,375,293,460,344
IMG_1588.jpg,1008,756,Drone,441,273,524,316
IMG_1589.jpg,1008,756,Drone,465,330,539,367
IMG_1591.jpg,1008,756,Drone,523,317,584,349
IMG_1592.jpg,1008,756,Drone,520,270,584,303
IMG_1593.jpg,1008,756,Drone,405,246,458,277
IMG_1594.jpg,1008,756,Drone,390,254,439,282
IMG_1596.jpg,960,720,Drone,455,406,538,439
IMG_1597.jpg,960,720,Drone,424,391,585,469
IMG_1598.jpg,960,720,Drone,253,252,581,477
IMG_1599.jpg,960,720,Drone,425,258,614,417
IMG_1601.jpg,1008,756,Drone,387,367,486,438
